Region,Country,Year,Government ,Global Fund,The World Bank,"PMI/
USAID","Other 
bilaterals",WHO,UNICEF,"Other
contributions5",European Union
African,Algeria,2008,"1,811,684",0,0,0,0,0,0,0,0
,,2009,"17,126,365",0,0,0,0,"12,000",0,0,0
,,2010,"32,321,720",0,0,0,0,"10,000",0,0,0
,,2011,"31,477,010",0,0,0,0,"17,000",0,0,0
,Angola,2001,"3,449,000",0,0,0,0,0,0,0,0
,,2002,"1,169,000",0,0,0,0,0,0,0,0
,,2003,"18,024,239",0,0,0,0,0,0,0,0
,,2004,"16,135,633",0,0,0,0,0,0,0,0
,,2005,"2,000,000","15,107,895",0,0,"2,100,000","826,266","200,000",0,0
,,2006,"2,000,000","2,354,259","330,000",0,"9,000,000","1,340,225","200,000",0,0
,,2007,"3,482,407","11,011,200","500,000","18,500,000",0,0,0,"21,500,000",0
,,2008,"17,525,978",0,0,"18,500,000",0,0,0,0,0
,,2009,0,"17,950,321",0,"18,925,000",0,0,0,0,0
,,2010,"15,676,687","13,873,496",0,"18,700,000",0,"439,000",0,0,0
,,2011,"66,637,986",0,0,"30,175,000",0,0,0,0,0
,Benin,2000,0,0,0,0,0,0,0,0,0
,,2001,"3,918,000",0,0,0,0,0,0,0,0
,,2002,"2,700,000",0,0,0,0,0,0,0,0
,,2003,"1,370,000","2,900,000",0,0,0,0,0,0,0
,,2004,"914,000","1,037,400",0,0,0,0,0,0,0
,,2005,"1,196,600","426,400",0,0,0,0,0,0,0
,,2006,"2,933,170","759,640","88,460",0,0,0,0,0,0
,,2007,"1,822,122","384,891","8,859,000","3,600,000",0,0,0,0,0
,,2008,"764,627","376,990","5,547,000","13,887,000",0,0,0,0,0
,,2009,"2,042,222","327,593","6,527,000","13,800,000",0,0,0,0,0
,,2010,0,0,0,"13,800,000",0,0,"105,893",0,0
,,2011,"200,000","5,552,686",0,"21,000,000",0,"660,000","248,540",0,0
,Botswana,2002,0,0,0,0,0,"10,000",0,0,0
,,2003,0,0,0,0,0,"9,795",0,0,0
,,2004,0,0,0,0,0,"2,000",0,0,0
,,2005,"242,858",0,0,0,0,"50,110",0,0,0
,,2006,"242,858",0,0,0,0,"9,000",0,0,0
,,2007,"256,825",0,0,0,0,0,0,0,0
,,2008,"1,308,890",0,0,0,0,0,0,0,0
,,2009,"876,647",0,0,0,0,0,0,0,0
,,2010,"709,607",0,0,0,0,0,0,0,0
,,2011,"2,250,933",0,0,0,"1,171,250",0,0,0,0
,Burkina Faso,2001,"56,393",0,0,0,0,0,0,0,0
,,2002,"87,755",0,0,0,0,0,0,0,0
,,2003,"151,567",0,0,0,0,0,0,0,0
,,2004,"197,387","2,925,513",0,0,0,0,0,0,0
,,2005,"200,000","4,193,558",0,0,0,0,0,0,0
,,2006,"1,119,000",0,"12,000,000",0,0,0,0,0,0
,,2007,"1,058,476",0,0,0,0,0,0,0,0
,,2008,"58,662","813,399",0,0,0,0,0,0,0
,,2009,"554,094","67,991,119","5,073,238",0,"33,879","108,966","75,895",0,0
,,2010,"4,508,617","1,458,620",0,"4,210,524","64,530","16,940","1,816,055",0,0
,,2011,"6,482,938","2,546,429",0,"2,072,216","34,903","99,027","140,253",0,0
,Burundi,2002,"16,390",0,0,0,0,0,0,0,0
,,2003,"16,390",0,0,0,"70,000",0,0,0,0
,,2004,"16,390","7,447,706","342,200",0,"70,000","228,000",0,0,0
African,Burundi,2005,"20,761","6,344,420","250,000",0,"70,000","228,000",0,0,"300,000"
,,2006,"25,132","3,973,999",0,0,"70,000","232,500",0,"35,000",0
,,2007,"43,000","4,683,029",0,0,"35,000",0,0,"70,000",0
,,2008,"46,000","4,683,029",0,0,0,0,0,"70,000",0
,,2009,0,"5,185,632",0,"6,000,000","8,856,727","45,003","1,817,914",0,0
,,2010,0,"13,625,189",0,"6,000,000","2,720,000","12,771","387,300",0,0
,,2011,"147,422","8,661,526",0,"5,988,000",0,"266,540","708,425","94,000",0
,Cameroon,2000,0,0,0,0,0,"102,000",0,0,0
,,2001,0,0,0,0,0,"102,000",0,0,0
,,2002,"1,714,290",0,0,0,0,"197,500",0,0,0
,,2003,"5,301,365",0,0,0,0,"197,500",0,0,0
,,2004,"5,717,600",0,0,0,0,"500,000",0,0,0
,,2005,"6,003,200","12,416,102",0,0,0,"500,000",0,0,0
,,2006,"6,304,000","4,472,742",0,0,0,"100,000",0,0,0
,,2007,"3,068,190","6,754,170",0,0,0,"100,000",0,0,0
,,2008,"14,006,863","11,506,022",0,0,0,"300,000",0,0,0
,,2009,"8,545,999","8,529,662",0,0,0,"300,000",0,0,0
,,2010,"975,590","1,573,566",0,0,0,"264,625","34,981",0,0
,,2011,"5,150,943","55,336,850",0,0,0,"313,300",0,0,0
,Cape Verde,2002,0,0,0,0,0,"774,400",0,0,0
,,2003,0,0,0,0,0,"774,400",0,0,0
,,2004,0,0,0,0,0,"774,400",0,0,0
,,2005,"1,560,735,053",0,0,0,0,"3,872,000",0,0,0
,,2006,"1,641,916,954",0,0,0,"24,161","774,400",0,0,0
,,2007,"326,245",0,0,0,0,0,0,0,0
,,2008,"401,316",0,0,0,0,"58,500","33,400",0,0
,,2009,"451,098",0,0,0,0,"74,327","178,043",0,0
,,2010,"707,795",0,0,0,0,0,0,0,0
,,2011,"604,871",0,0,0,0,0,0,0,0
,Central African Republic,2000,0,0,0,0,0,0,0,0,0
,,2001,"72,000",0,0,0,0,0,0,0,0
,,2002,"90,000",0,0,0,0,0,0,0,"4,000"
,,2003,"90,000",0,0,0,0,0,0,0,"4,000"
,,2004,"10,000",0,0,0,0,0,0,0,"90,000"
,,2005,"10,000","6,329,201",0,0,0,0,0,0,"90,000"
,,2006,"10,000","4,263,623",0,0,0,0,0,0,"100,000"
,,2007,"10,000","2,082,761",0,0,0,"33,333","991,505",0,0
,,2008,"45,000","2,294,055","600,000",0,"3,300,000","100,000","1,000,644",0,0
,,2009,"42,000",0,"600,000",0,0,"100,000","10,000",0,0
,,2010,"34,000","962,050","600,000",0,"4,500,000","100,000","550,000",0,0
,,2011,"34,000","481,345",0,0,0,"100,000",0,0,0
,Chad,2002,"1,714,290",0,0,0,0,0,0,0,0
,,2003,"5,301,365",0,0,0,0,0,0,0,0
,,2004,"5,717,600",0,0,0,0,0,0,0,0
,,2005,"6,003,200",0,0,0,0,"30,000",0,0,0
,,2006,"6,304,000",0,0,0,0,0,0,0,0
,,2008,0,0,0,0,0,0,"30,000",0,0
,,2009,0,"5,262,314",0,0,0,"77,083",0,"3,958",0
,,2010,"953,930,000","5,215,000",0,0,0,0,0,"6,682,000",0
,,2011,"600,000,000",0,0,0,0,0,0,0,0
African,Comoros,2000,"1,875",0,0,0,0,0,0,0,0
,,2001,"2,142",0,0,0,0,0,"10,400",0,0
,,2002,"2,142",0,0,0,0,"112,500","17,000",0,0
,,2003,"2,330",0,0,0,0,"112,500",0,0,0
,,2004,"2,678","599,483",0,0,0,"156,000",0,0,0
,,2005,"2,678",0,0,0,0,"156,000",0,0,0
,,2006,"2,678","935,080",0,0,0,"90,000",0,0,0
,,2007,"3,080","390,246",0,0,0,0,0,0,0
,,2008,"2,678","264,708",0,0,0,"146,250","65,000",0,0
,,2009,"24,158","290,612",0,0,0,"104,000","11,656",0,0
,,2010,0,"4,610,020",0,0,0,"104,000",0,0,0
,,2011,"114,215","773,425",0,0,0,"137,000",0,0,0
,Congo,2010,0,0,0,0,0,0,0,0,0
,,2011,0,0,0,0,0,0,0,0,0
,Côte d'Ivoire,2002,"1,129,683",0,0,0,0,0,0,0,0
,,2003,"2,352,953",0,0,0,0,0,0,0,0
,,2004,"2,206,653",0,0,0,0,0,0,0,0
,,2005,"2,206,653",0,0,0,0,0,0,0,0
,,2006,"2,267,892",0,0,0,0,0,0,0,0
,,2007,0,0,0,0,0,0,0,0,0
,,2009,0,0,0,0,0,0,0,0,0
,,2010,0,0,0,0,0,0,0,0,0
,,2011,"34,964,064","27,941,028",0,0,"307,748","2,605,303","69,012",0,0
,Democratic Republic of the Congo,2000,0,0,0,0,0,0,0,0,0
,,2001,0,0,0,0,0,0,0,0,0
,,2004,0,0,0,0,0,0,0,0,0
,,2005,0,"20,020,417",0,0,0,0,0,0,0
,,2006,"2,000,000","6,471,520",0,0,0,0,0,0,0
,,2007,"2,000,000","5,184,339",0,"6,700,000","250,000,000",0,"5,351,451",0,"6,700,000"
,,2008,"2,000,000","18,188,352","43,000,000","7,240,000",0,"45,104","5,662,078",0,0
,,2009,"2,000,000","4,071,980","11,101,283","15,580,000",0,"86,895","5,365,009",0,0
,,2010,"296,443","23,044,824","10,262,916","15,580,000","596,182",0,"2,271,712",0,0
,,2011,"296,443","33,775,293","58,805,836","18,000,000","36,765,988",0,"2,389,964",0,0
,Equatorial Guinea,2003,0,0,0,0,0,0,0,"874,000",0
,,2004,0,0,0,0,0,"40,000",0,"1,669,000",0
,,2005,0,0,0,0,0,"40,000",0,"2,160,000",0
,,2006,0,"1,172,344",0,0,0,"20,000",0,"3,179,000",0
,,2007,"150,000","7,141,363",0,0,"3,196,000",0,0,"3,196,000",0
,,2008,"300,000","8,245,229",0,"165,000","4,759,000","15,000",0,"4,759,000",0
,,2009,0,"4,756,207",0,0,0,0,0,"6,787,000",0
,,2010,0,0,0,0,0,0,0,0,0
,,2011,0,"3,425,062",0,0,"8,047,523",0,0,0,0
,Eritrea,2000,0,0,0,0,0,0,0,0,0
,,2001,0,0,"913,000",0,0,0,0,0,0
,,2002,0,0,"1,307,103",0,0,0,0,0,0
,,2003,0,0,"1,694,894",0,0,0,0,0,0
,,2004,0,"1,080,209","1,006,250",0,0,0,0,0,0
,,2005,0,"1,537,424","880,620",0,"180,000",0,0,0,0
,,2006,0,"1,716,844","453,400",0,"180,000",0,0,0,0
,,2007,0,"1,748,745","516,200",0,0,"30,000","476,600",0,0
African,Eritrea,2008,0,"4,792,642","300,000",0,0,"100,000","254,037",0,0
,,2009,0,"3,312,520",0,0,0,0,"105,000",0,0
,,2010,0,"19,155,845",0,0,0,0,0,0,0
,,2011,0,"10,722,859",0,0,0,0,0,0,0
,Ethiopia,2000,0,0,0,0,0,0,0,0,0
,,2001,"2,119,140",0,0,0,0,0,0,0,0
,,2002,"2,167,894",0,0,0,0,0,0,0,0
,,2003,"2,346,156",0,"12,500",0,0,0,0,0,0
,,2004,"2,858,151","21,757,639","11,120",0,0,0,0,0,0
,,2005,"4,588,476",0,"695,037",0,0,0,0,0,0
,,2006,"5,252,564","71,421,627","15,128,000",0,0,0,0,0,0
,,2007,"1,920,771","24,999,226",0,"6,587,000","2,947,894",0,"3,000,808",0,0
,,2008,"717,569","18,990,619",0,"6,587,000","164,372",0,"4,200,000",0,0
,,2009,"3,456,244","81,586,570","10,090,000","19,700,000",0,"280,000","5,000,000","7,624,294",0
,,2010,"6,144,036","107,128,416","9,900,000","31,000,000",0,"210,960","1,297,858",0,0
,,2011,0,"32,231,572",0,0,0,"171,357","27,243",0,0
,Gabon,2000,"987,402",0,0,0,0,"200,000",0,0,0
,,2001,"982,919",0,0,0,0,"200,000",0,0,0
,,2002,"952,790",0,0,0,0,0,0,0,0
,,2003,"1,187,897",0,0,0,0,0,0,0,0
,,2004,"1,201,252",0,0,0,0,0,0,0,0
,,2005,"1,227,350","4,902,284",0,0,0,0,0,0,0
,,2006,"1,311,772","4,619,385",0,0,0,0,"140,977",0,0
,,2007,"1,145,099","2,490,749",0,0,"1,691,729",0,0,0,0
,,2008,"1,293,523","450,693",0,0,0,0,0,0,0
,,2009,0,0,0,0,0,0,0,0,0
,,2010,"1,400,769",0,0,0,"45,000",0,0,0,0
,Gambia,2000,0,0,0,0,0,0,0,0,0
,,2001,"70,000",0,0,0,0,0,0,0,0
,,2002,"129,000",0,0,0,0,0,0,0,0
,,2003,"129,653",0,0,0,0,0,0,0,0
,,2004,"135,570","1,456,473",0,0,0,0,0,"100,000",0
,,2005,"145,900","3,772,423",0,0,0,0,0,"100,000",0
,,2006,"459,014","2,521,319",0,0,0,0,0,"100,000",0
,,2007,"502,234","6,803,737",0,0,0,"72,500","65,000","100,000",0
,,2008,"517,767","5,683,474",0,0,"113,000","72,500","17,000",0,0
,,2009,"1,025,550","5,921,546",0,0,"100,000","380,500","65,000",0,0
,,2010,"529,610","8,960,101",0,0,"250,000",0,"2,143",0,0
,,2011,"613,412","8,835,940",0,0,"89,000","40,000","4,800",0,0
,Ghana,2000,0,0,0,0,0,0,0,0,0
,,2001,0,0,0,0,0,0,0,0,0
,,2002,0,0,0,0,0,0,0,0,0
,,2003,0,0,0,0,0,0,0,0,0
,,2004,0,0,0,0,0,0,0,0,0
,,2005,0,0,0,0,0,0,0,0,0
,,2006,"1,229,000","21,762,030",0,0,0,0,0,0,"70,000"
,,2007,"2,980,000","9,269,310","5,000,000","5,000,000",0,"100,000","1,200,000","300,000",0
,,2008,"269,583","10,544,980","4,000,000","16,900,000","1,000,000","200,000","1,200,000","300,000",0
,,2009,"6,214,286","18,363,180","1,283,389","17,300,000",0,"290,000","939,300","300,000",0
,,2010,"6,533,333","30,649,705",0,"34,000,000",0,"150,000","101,053","98,733",0
,,2011,"6,663,582","53,169,328","400,000","34,000,000","250,000","300,000","2,000,000","16,100,000",0
African,Guinea,2000,0,0,0,0,0,0,0,0,0
,,2001,"73,264",0,"7,500",0,0,0,0,0,0
,,2002,"127,637",0,0,0,"177,240","268,000","2,063,000",0,0
,,2003,"36,264",0,0,0,0,"303,000","2,063,000",0,0
,,2004,0,"2,089,204",0,0,0,"594,500",0,0,0
,,2005,0,0,0,0,0,"594,500",0,0,0
,,2006,0,"3,036,257",0,0,0,"219,500","335,000",0,0
,,2007,0,0,"1,181,250",0,0,"219,500","432,000","6,000,000",0
,,2008,"9,687","13,424,707","1,181,250",0,0,"250,000","432,000","6,000,000",0
,,2009,"154,564","3,914,541","1,181,250",0,0,"109,000","819,553","2,375,040",0
,,2010,"3,948",0,0,0,0,"51,500",0,0,0
,,2011,0,0,0,0,0,"49,500",0,0,0
,Guinea0Bissau,2004,0,"129,359","24,776",0,0,"250,000","39,830",0,0
,,2005,0,"592,201",0,0,0,"25,000","526,248",0,0
,,2006,0,"778,391","40,000",0,0,"146,000","750,000",0,0
,,2007,0,"760,640",0,0,0,"146,000","420,543",0,0
,,2008,0,"1,545,699",0,0,0,"146,000","329,305",0,0
,,2009,"8,000","1,279,343",0,0,0,"100,000","486,579",0,0
,,2010,"103,440,000","6,809,770",0,0,0,"100,000","425,541",0,0
,,2011,"79,269,000","1,070,641",0,0,"99,750","68,000","7,238",0,0
,Kenya,2000,0,0,0,0,0,0,0,0,0
,,2001,"27,631",0,0,0,0,0,0,0,0
,,2002,"774,984",0,0,0,0,0,0,0,0
,,2003,"84,882","3,976,069",0,0,0,0,0,0,0
,,2004,"1,233,505",0,0,0,0,0,0,0,0
,,2005,"379,494","53,698,910",0,0,0,0,0,0,0
,,2006,"308,660","39,858,515",0,0,0,0,0,0,0
,,2007,"30,513",0,0,0,0,0,0,0,0
,,2008,"32,566","37,543,798",0,"19,838,000","500,000",0,0,0,0
,,2009,"822,742","25,921,567",0,"37,652,822","17,975,039","87,584","30,000","500,000",0
,,2010,"2,741,417",0,"3,400,000","30,829,000",0,0,0,"11,131,200",0
,,2011,0,0,0,0,0,0,0,0,0
,Liberia,2004,0,0,0,0,0,0,0,0,0
,,2005,"27,216","5,024,741",0,0,0,"93,931",0,0,0
,,2006,"44,569","5,098,262",0,0,0,"163,508",0,0,0
,,2007,"51,104","849,710",0,0,0,0,0,0,0
,,2008,"60,118","6,347,301",0,"12,500,000",0,0,0,0,0
,,2009,0,"990,100",0,"61,375","50,000","5,786,287","226,743",0,0
,,2010,0,"8,118,208",0,"12,000,000",0,0,0,0,0
,,2011,0,"16,400,946",0,"12,000,000",0,"19,675","304,750",0,0
,Madagascar,2000,"3,124",0,0,0,0,0,0,0,0
,,2001,"3,124",0,0,0,"265,825","123,407","258,092",0,0
,,2002,"3,481",0,0,0,"222,654","16,540","14,784",0,0
,,2003,"5,023",0,0,0,"593,450","22,425",0,0,0
,,2004,"14,183",0,0,0,"1,949,254","226,228",0,0,0
,,2005,"8,298","4,984,782",0,0,"193,612","147,661","3,447","5,845",0
,,2006,"8,925","4,322,427","90,000",0,"91,189","20,000",0,0,0
,,2007,"10,205","2,609,988",0,"17,000,000",0,0,"1,505,155",0,0
,,2008,"19,387","5,814,063",0,"17,000,000",0,"638,691","3,852,552","210,000",0
,,2009,"19,000","25,329,554",0,"12,753,000",0,"100,532","1,103,644",0,0
,,2010,"110,504","22,463,047",0,"25,200,000","578,000","418,861","523,000",0,0
African,Madagascar,2011,"90,900","41,763,464",0,"28,742,000",0,"153,000","546,283",0,0
,Malawi,2000,0,0,0,0,0,0,0,0,0
,,2001,0,0,0,0,0,0,0,0,0
,,2002,0,0,0,0,0,0,0,0,0
,,2003,0,0,0,0,0,0,0,0,0
,,2004,0,0,0,0,0,0,0,0,0
,,2005,0,0,0,0,0,0,0,0,0
,,2006,"12,000,000","6,300,000","3,000,000",0,0,"100,000","1,500,000",0,0
,,2007,"23,000,000","11,000,000",0,"15,000,000",0,"100,000","1,200,000",0,0
,,2008,"5,985,915",0,0,"16,000,000",0,"100,000","500,000",0,0
,,2009,"4,482,759",0,0,"18,000,000",0,"50,000","50,000",0,0
,,2010,"8,453,947","5,492,126",0,"27,000,000",0,"70,000","50,000",0,0
,,2011,0,0,0,0,0,0,0,0,0
,Mali,2002,0,"2,592,990",0,0,0,0,0,0,0
,,2003,0,0,0,0,0,0,0,0,0
,,2004,0,0,0,0,0,0,0,0,0
,,2005,0,0,0,0,0,0,0,0,0
,,2006,0,0,0,0,0,0,0,0,0
,,2007,0,0,0,0,0,0,0,0,0
,,2008,0,"6,703,715","1,749,540","8,932,000","2,806,479",0,0,"6,550,000",0
,,2009,0,"5,214,224",0,"8,932,000","965,774","292,000",0,"3,116,725",0
,,2010,0,"7,120,975","847,617","11,184,211","291,162","50,535","1,575,926","894,577",0
,,2011,"2,737,186","2,858,296",0,"4,737,692",0,"92,000",0,"319,404",0
,Mauritania,2001,"26,190",0,0,0,0,0,0,0,0
,,2002,"26,190",0,0,0,0,0,0,0,0
,,2003,"123,850",3,0,0,0,0,0,0,0
,,2004,"131,538",0,0,0,0,0,0,0,0
,,2005,"68,386",0,0,0,0,0,0,0,0
,,2006,0,14,0,0,0,0,0,0,0
,,2007,0,0,0,0,0,0,0,0,0
,,2008,0,0,0,0,0,0,0,0,0
,,2009,0,0,0,0,0,0,0,0,0
,,2010,"33,941","350,000",0,0,0,"1,000","25,000","1,000,000",0
,,2011,"11,000,000",0,0,0,0,0,0,0,0
,Mozambique,2001,0,0,0,0,0,0,0,0,0
,,2002,0,0,0,0,0,0,0,0,0
,,2003,0,0,0,0,0,0,0,0,0
,,2004,0,0,0,0,0,0,0,0,0
,,2005,0,0,0,0,0,0,0,0,0
,,2006,0,0,0,0,0,0,0,0,0
,,2007,0,0,0,0,0,0,0,0,0
,,2008,0,0,0,0,0,0,0,0,0
,,2009,0,0,0,0,0,0,0,0,0
,,2010,0,0,0,0,0,0,0,0,0
,,2011,0,0,0,0,0,0,0,0,0
,Namibia,2000,0,0,0,0,0,0,0,0,0
,,2001,0,0,0,0,0,0,0,0,0
,,2002,0,0,0,0,0,0,0,0,0
,,2003,0,0,0,0,0,0,0,0,0
,,2004,0,0,0,0,0,0,0,0,0
,,2005,0,"1,323,641",0,0,0,0,0,0,0
African,Namibia,2006,0,"1,135,789",0,0,0,0,0,0,0
,,2007,0,"947,674",0,0,0,0,0,0,0
,,2008,"1,690,211","4,826,069",0,0,0,0,0,0,0
,,2009,"2,411,088","2,267,472",0,0,0,0,0,0,0
,,2010,"2,731,460","1,362,347",0,0,0,0,0,0,0
,,2011,"4,466,719","589,694",0,0,0,0,0,0,0
,Niger,2000,"231,000,000",0,0,0,0,0,0,0,0
,,2001,"25,000",0,0,0,0,0,0,0,0
,,2002,"25,000",0,0,0,0,0,0,0,0
,,2003,"8,846",0,0,0,0,0,0,0,0
,,2004,"444,231","11,257,988",0,0,0,0,0,0,0
,,2005,"342,346",0,0,0,0,0,0,0,0
,,2006,0,0,0,0,0,0,0,0,0
,,2007,"900,000",0,0,0,0,0,0,0,0
,,2008,"900,000",0,0,0,0,0,0,0,0
,,2009,"900,000","28,057,121","1,773,423,718",0,"194,428","15,000","840,196",0,0
,,2010,"700,000","972,351,152","772,219,032",0,"556,900","4,500","1,058,500,000","2,374,736",0
,,2011,"400,000",0,0,0,0,"4,500",0,0,0
,Nigeria,2000,0,0,0,0,0,"500,000","500,000",0,0
,,2001,"2,020,000",0,0,0,0,"550,000","550,000",0,0
,,2002,"4,000,000",0,0,0,0,"700,000","700,000",0,0
,,2003,"3,530,000",0,0,0,0,"855,000","855,000",0,0
,,2004,"92,308",0,0,0,0,"800,000","800,000",0,0
,,2005,"384,615","15,000,000",0,0,0,"850,000","850,000",0,0
,,2006,"11,000,000","16,000,000","2,000,000",0,0,"1,000,000","1,000,000",0,0
,,2007,"11,000,000","20,000,000","28,700,000","6,500,000",0,"1,500,000","1,500,000",0,0
,,2008,"14,324,952","15,353,110","52,358,702","11,900,000","2,235,276",0,0,"2,895,752",0
,,2009,"200,000","42,019,322","17,500,000","16,000,000","18,210,725","306,321","37,247,310","10,229,555",0
,,2010,"6,493,506","61,357,535",0,"18,000,000",0,0,"20,750,000","17,678,415",0
,,2011,"2,493,181","73,332,766",0,"43,000",0,0,0,0,0
,Rwanda,2000,"186,000",0,0,0,0,0,0,0,0
,,2001,"86,000",0,0,0,0,0,0,0,0
,,2002,"275,000",0,0,0,0,0,0,0,0
,,2003,"120,000",0,0,0,0,0,0,0,0
,,2004,271,0,0,0,"1,349,117","100,000","75,527",0,0
,,2005,89,"7,802,000",0,0,"929,884","100,000",0,0,0
,,2006,40,"5,243,000","2,916,666",0,"822,187","350,000","50,000","486,000",0
,,2007,"300,000","20,900,000","3,083,332","17,000,000","486,000",0,0,"393,186",0
,,2008,"500,000","12,884,983","3,083,332","17,000,000",0,0,0,0,0
,,2009,0,"40,117,815",0,0,0,0,0,0,0
,,2010,"318,991","8,710,956",0,0,"117,807","45,000",0,0,0
,,2011,"793,995","17,011,613",0,"18,250,000",0,"53,761","120,000",0,0
,Sao Tome and Principe,2000,0,0,0,0,0,"9,060",0,0,0
,,2001,0,0,0,0,0,"9,060",0,0,0
,,2002,0,0,0,0,0,"9,060",0,0,0
,,2003,0,0,0,0,0,"9,060",0,0,0
,,2004,0,0,0,0,0,"65,410",0,0,0
,,2005,"9,100","939,449",0,0,"415,000","65,410",0,"47,920",0
,,2006,"10,000","703,167","66,000",0,"385,914","53,237",0,"320,485",0
,,2007,"51,537","589,781","79,000",0,"5,000","26,742",0,"364,000",0
,,2008,"54,267","514,393","40,000",0,"1,700","63,165","10,000","1,000,000",0
African,Sao Tome and Principe,2009,"303,802","1,699,172","126,000",0,"1,717","59,965","5,000","1,000,000",0
,,2010,"74,583","782,254","350,000",0,"30,315","38,163","3,000","1,172,611",0
,,2011,"52,941","1,521,822",0,0,0,"54,428","3,000",0,0
,Senegal,2000,0,0,0,0,0,0,0,0,0
,,2001,"1,925,760",0,0,0,0,0,0,0,0
,,2002,"1,078,220",0,0,0,0,0,0,0,0
,,2003,"109,780","1,428,571","467,480",0,0,0,0,0,0
,,2004,"1,324,770","2,857,143",0,0,0,0,0,0,0
,,2005,"460,000","10,634,063",0,0,0,0,0,0,0
,,2006,"444,221","8,958,051",0,0,0,0,0,0,0
,,2007,"327,621","1,067,834",0,0,0,"340,796",0,0,0
,,2008,"176,000",0,0,"490,000",0,"394,552",0,0,0
,,2009,"449,813","11,436,555",0,"14,512,634","6,793,567","288,302",0,0,0
,,2010,"155,764","2,531,265",0,"17,329,326",0,"97,987",0,0,0
,,2011,0,"9,620,506",0,0,0,0,0,0,0
,Sierra Leone,2005,"151,492","6,784,566","191,833",0,0,0,0,0,0
,,2006,"166,641","3,155,047",0,0,0,0,0,0,"1,047,500"
,,2007,"164,138","1,187,379","460,620",0,"2,950,000",0,"650,000",0,0
,,2008,"180,552","5,126,487","5,141",0,0,"778,590",0,0,0
,,2009,"198,586","4,884,763",0,0,0,"26,413","19,673",0,0
,,2010,"1,198,629","5,241,344",0,0,0,"137,255","165,625",0,0
,,2011,"404,235","10,669,010",0,0,"10,478","43,261","286,406",0,0
,South Africa,2007,"18,000,000",0,0,0,0,0,0,0,0
,,2008,"24,757,142",0,0,0,0,0,0,0,0
,,2009,"27,142,857",0,0,0,0,"100,000",0,"50,000",0
,,2010,"25,064,907",0,0,0,0,0,0,0,0
,,2011,"13,162,365",0,0,0,"8,571,428",0,0,0,0
,Swaziland,2003,0,"400,000",0,0,0,0,0,0,0
,,2005,0,0,0,0,0,0,0,0,0
,,2006,0,0,0,0,0,0,0,0,0
,,2007,"611,990",0,0,0,0,0,0,0,0
,,2008,0,0,0,0,0,0,0,0,0
,,2009,0,0,0,0,0,0,0,0,0
,,2010,"964,009","2,197,637",0,0,0,0,0,0,0
,,2011,"1,002,947","1,924,448",0,0,0,0,0,0,0
,Togo,2004,0,"1,007,724",0,0,0,0,0,0,0
,,2005,0,"1,102,231",0,0,0,0,0,0,0
,,2006,"57,906","3,110,435",0,0,0,0,0,0,0
,,2007,0,"704,271",0,0,0,0,0,0,0
,,2008,0,"2,442,924",0,0,"3,788,783","20,573","341,805",0,0
,,2009,0,"592,434","14,197,371",0,"954,226","3,261","92,523","92,378",0
,,2010,"77,778","3,565,262",0,0,"2,688","1,489",0,0,0
,,2011,0,0,0,0,"14,090","23,832","8,674",0,0
,Uganda,2000,"3,166,060",0,0,0,0,0,0,0,0
,,2001,"3,311,458",0,0,0,0,0,0,0,0
,,2002,"4,007,349",0,0,0,0,0,0,0,0
,,2003,"4,130,696",0,0,0,0,0,0,0,0
,,2004,"4,224,945","12,000,000",0,0,0,0,0,0,0
,,2005,"3,500,000","40,899,062",0,0,0,0,0,0,0
,,2006,"4,500,000","47,854,144",0,"9,500,000",0,0,0,0,0
African,Uganda,2007,"6,025,455",0,0,"19,000,000",0,0,0,0,0
,,2008,"7,267,857",0,0,"21,752,000",0,0,0,0,0
,,2009,0,0,0,"21,600,000",0,0,0,0,0
,,2010,0,"155,963,673",0,"35,000,000",0,0,0,0,0
,,2011,0,"56,141,986",0,"34,366,813","40,000","317,816","2,545,396",0,0
,United Republic of Tanzania,2000,0,0,0,0,0,0,0,0,0
,,2001,0,"19,800,000",0,0,0,0,0,0,0
,,2002,0,"90,400,000",0,0,0,0,0,0,0
,,2003,0,0,"25,000,000",0,0,0,0,0,0
,,2004,0,0,0,0,0,0,0,0,0
,,2005,0,0,0,0,0,0,0,0,0
,,2006,0,0,0,0,0,0,0,0,0
,,2007,0,0,0,0,0,0,0,0,0
,,2008,"838,226,415",0,0,0,0,0,0,0,0
,,2009,"616,085,000","46,300,000","25,000,000","34,000,000","1,000,000","50,000,000",0,0,0
,,2010,0,0,0,0,0,0,0,0,0
,,2011,0,0,0,0,0,0,0,0,0
,Mainland,2001,0,"19,800,000",0,0,0,0,0,0,0
,,2002,0,"90,400,000",0,0,0,0,0,0,0
,,2003,0,0,"25,000,000",0,0,0,0,0,0
,,2004,0,0,0,0,0,0,0,0,0
,,2005,0,0,0,0,0,0,0,0,0
,,2006,0,0,0,0,0,0,0,0,0
,,2007,0,0,0,0,0,0,0,0,0
,,2008,"838,226,415",0,0,0,0,0,0,0,0
,,2009,"340,000,000","46,300,000","25,000,000","34,000,000","1,000,000","50,000,000",0,0,0
,,2010,"21,830,362","105,217,601",0,"52,000,000","43,401,000","300,000","139,313",0,0
,,2011,"260,823","17,701,499",0,"75,000",0,"70,000",0,0,0
,Zanzibar,2003,0,0,0,0,0,0,0,0,0
,,2004,0,0,0,0,0,0,0,0,0
,,2006,0,0,0,0,0,0,0,0,0
,,2007,0,0,0,0,0,0,0,0,0
,,2008,"29,467","1,705,252",0,"3,020,800",0,0,"108,552",0,0
,,2009,"29,333","2,401,665",0,"2,937,375",0,"30,000","198,000","21,564",0
,,2010,"29,267","1,311,590",0,"3,133,000",0,"67,743","221,000","19,372",0
,,2011,0,0,0,0,0,0,0,0,0
,Zambia,2000,"160,000",0,0,"4,000,000",0,"280,000","538,437",0,0
,,2001,"160,000",0,0,"4,000,000",0,0,"208,481",0,0
,,2002,"302,860",0,0,"4,000,000",0,"674,000","330,579",0,0
,,2003,"588,571",0,0,"4,000,000",0,0,"183,190",0,0
,,2004,"588,571",0,0,"3,300,300",0,"1,500,000","477,624",0,0
,,2005,"1,160,000",0,"12,000,000","3,300,000",0,0,"131,116","3,000,000",0
,,2006,0,0,0,"7,650,000",0,"1,026,000","451,781","3,000,000",0
,,2007,"497,078","38,875","10,000,000","9,470,000","6,046,354","20,639","114,285",0,0
,,2008,"1,900,000","3,817,916",0,"14,888,000",0,0,"550,847",0,0
,,2009,"848,745","986,834","5,000,000","14,700,000",0,"398,000","212,570",0,0
,,2010,"414,580","12,335,725",0,"25,600,000",0,"380,000","100,000","7,200,000",0
,,2011,"279,788","5,282,152","29,401,235","24,000,000",0,"130,000","75,000","7,215,019",0
,Zimbabwe,2000,"5,221,776",0,0,0,0,0,0,0,0
,,2001,"2,350,375",0,0,0,0,0,0,0,0
African,Zimbabwe,2002,"4,895,768",0,0,0,0,0,0,0,0
,,2003,"3,152,180",0,0,0,0,0,0,0,0
,,2004,"895,000","1,415,000",0,0,0,0,0,0,0
,,2005,"3,212,565","3,861,937",0,0,0,0,0,0,0
,,2006,"3,261,450","1,439,313",0,0,0,0,0,0,0
,,2007,"1,315,428","6,780,000",0,0,0,0,0,0,0
,,2008,"1,302,500","1,100,000",0,"200,000","300,000",0,0,0,0
,,2009,"1,650,000","2,800,000",0,0,"500,000",0,0,0,0
,,2010,"1,000,000","24,000,000",0,"1,000,000",0,"79,000","25,000",0,0
,,2011,"1,200,000","10,063,628",0,"12,000,000",0,0,"18,250",0,0
Region of the Americas,Argentina,2001,"2,580,000",0,0,0,0,0,0,0,0
,,2002,"2,580,000",0,0,0,0,0,0,0,0
,,2003,"2,580,000",0,0,0,0,0,0,0,0
,,2004,"2,580,180",0,0,0,0,0,0,0,0
,,2005,"2,580,180",0,0,0,0,0,0,0,0
,,2006,"2,287,066",0,0,0,0,0,0,"40,000",0
,,2007,0,"891,000",0,0,0,0,0,"90,300",0
,,2010,"1,082,700",0,0,0,0,0,0,0,0
,,2011,"1,082,700",0,0,0,0,0,0,0,0
,Belize,2004,"100,000",0,0,0,0,0,0,"595,000",0
,,2005,"100,000",0,0,0,0,0,0,"595,000",0
,,2006,"100,000",0,0,0,0,0,0,"595,000",0
,,2007,"87,993",0,0,0,0,0,0,"595,000",0
,,2008,"170,494",0,0,0,0,0,0,0,0
,,2009,"148,621",0,0,0,0,0,0,0,0
,,2010,"169,184",0,0,"32,000",0,0,0,0,0
,,2011,"215,224",0,0,0,0,0,0,0,0
,Bolivia (Plurinational State of),2000,"845,764",0,0,0,0,0,0,0,0
,,2001,"1,800,000",0,0,"216,777","274,515",0,"70,000","40,364",0
,,2002,"918,145",0,0,"100,000",0,0,0,0,0
,,2003,"300,000",0,0,"197,000",0,0,0,"176,743",0
,,2004,"1,412,074","1,212,074",0,"150,000",0,0,0,0,0
,,2005,"1,390,737","1,170,737",0,"150,000",0,0,0,0,0
,,2006,"1,962,739","1,817,739",0,"150,000",0,0,0,0,0
,,2007,"1,593,626","121,276",0,"200,000",0,0,"40,000",0,0
,,2008,"1,593,484",0,0,"200,000",0,0,"40,000",0,"70,000"
,,2009,"1,699,130","550,000",0,"200,000",0,0,"25,000",0,0
,,2010,"1,700,145","2,482,576",0,"200,000",0,0,"50,000",0,0
,,2011,"1,110,097","1,400,635",0,"177,000",0,0,0,0,0
,Brazil,2000,"44,766,876",0,0,0,0,0,0,0,0
,,2001,"21,517,299",0,0,0,0,0,0,0,0
,,2002,"21,411,765",0,0,"111,505",0,0,0,0,0
,,2003,"40,695,955",0,0,"200,000",0,0,0,0,0
,,2004,"40,695,955",0,0,"190,000",0,0,0,0,0
,,2005,"73,469,000",0,0,"164,252",0,0,0,0,0
,,2006,"78,535,000",0,0,"164,252",0,0,0,0,0
,,2007,"106,000,000",0,"350,000","243,204",0,0,0,0,0
,,2008,"106,000,000",0,0,"65,000",0,0,0,0,0
,,2009,"106,000,000","4,884,938",0,"65,000",0,0,0,0,0
Region of the Americas,Brazil,2010,"106,000,000","10,361,470",0,"227,000",0,0,0,0,0
,,2011,"106,000,000","17,851,837",0,"30,000",0,0,0,0,0
,Colombia,2000,"9,950,000",0,0,0,0,0,0,0,0
,,2001,"11,363,636",0,0,0,0,0,0,0,0
,,2002,"225,000",0,0,"99,558",0,0,0,0,0
,,2003,"13,049,962",0,0,"176,000",0,0,0,0,0
,,2004,"13,702,460",0,0,"155,000",0,0,0,0,0
,,2005,"13,702,460",0,0,"135,451",0,0,0,0,0
,,2006,"13,702,460",0,0,"135,451",0,0,0,0,0
,,2007,"16,000,000","3,000,000",0,"140,000",0,0,0,0,0
,,2008,"17,800,000","2,000,000",0,"120,000",0,0,0,0,0
,,2009,"20,500,000","1,000,000",0,"120,000",0,0,0,0,0
,,2010,"21,788,036","9,175,784",0,"120,000",0,0,0,0,0
,,2011,"20,157,754","5,347,470",0,"120,000",0,0,0,0,0
,Costa Rica,2000,"3,380,000",0,0,0,0,0,0,0,0
,,2001,"2,500,000",0,0,0,0,0,0,0,0
,,2002,"2,880,000",0,0,0,0,0,0,0,0
,,2003,"3,840,000",0,0,0,0,0,0,0,0
,,2004,"2,980,000",0,0,0,0,0,0,0,0
,,2005,"3,250,000",0,0,0,0,0,0,0,0
,,2006,"4,940,000",0,0,0,0,0,0,0,0
,,2007,"5,750,000",0,0,0,0,0,0,0,0
,,2008,"6,720,000",0,0,0,0,0,0,0,0
,,2009,"6,240,000",0,0,0,0,0,0,0,0
,,2010,"4,845,000",0,0,0,0,0,0,0,0
,,2011,"5,270,000",0,0,0,0,0,0,0,0
,Dominican Republic,2000,"1,410,013",0,0,0,0,0,0,0,0
,,2001,"1,443,223",0,0,0,0,0,0,0,0
,,2002,"1,191,077",0,0,0,0,0,0,0,0
,,2003,"638,541",0,0,0,0,0,0,0,0
,,2004,"448,254",0,0,0,0,0,0,0,0
,,2005,"1,581,000",0,0,0,0,0,0,0,0
,,2006,"2,119,311",0,0,0,0,0,0,0,0
,,2007,"2,499,703",0,0,0,0,0,0,0,0
,,2008,"2,361,111",0,0,"54,174",0,"39,303",0,0,0
,,2009,"2,337,714","185,772",0,"14,503",0,"58,538",0,0,0
,,2010,"5,194,215","2,126,483",0,"150,031",0,0,0,0,0
,,2011,"2,153,141","1,823,682",0,"46,155",0,0,0,0,0
,Ecuador,2001,"3,156,000",0,0,0,0,0,0,0,0
,,2002,"3,815,603",0,0,"89,381",0,0,0,0,0
,,2003,"4,236,782",0,0,"200,000",0,0,0,0,0
,,2004,"5,396,633",0,0,"110,000",0,0,0,0,0
,,2005,"5,854,985",0,0,"116,114",0,0,0,0,0
,,2006,"7,057,375","2,742,372",0,"116,114",0,0,0,0,0
,,2007,"8,426,252","567,000",0,"120,000",0,0,0,0,0
,,2008,"3,941,711","220,000",0,"82,000","100,000",0,0,0,0
,,2009,"2,428,604","400,000",0,0,0,"80,000",0,0,0
,,2010,"2,327,187","531,945",0,0,0,0,0,0,0
,,2011,"3,314,143","327,863",0,0,0,0,0,0,0
,El Salvador,2000,"1,300,000",0,0,0,0,0,0,0,0
,,2001,"1,365,000",0,0,0,0,0,0,0,0
Region of the Americas,El Salvador,2002,"1,433,000",0,0,0,0,0,0,0,0
,,2003,"1,504,000",0,0,0,0,0,0,0,0
,,2004,"1,580,000",0,0,0,0,0,0,"10,000",0
,,2005,"1,656,000",0,0,0,0,0,0,"20,000",0
,,2006,"1,742,000",0,0,0,0,0,0,"30,000",0
,,2007,"1,829,000",0,0,0,0,0,0,0,0
,,2008,"1,920,000",0,0,0,0,0,0,0,0
,,2009,"3,057,500",0,0,0,0,0,0,0,0
,,2011,"3,513,000",0,0,0,0,0,0,0,0
,Guatemala,2000,"702,703",0,0,0,0,0,0,0,0
,,2005,"2,681,975",0,0,0,0,0,0,0,0
,,2006,"2,392,626",0,0,0,0,0,0,0,0
,,2007,"3,380,000","2,355,753",0,0,0,0,0,0,0
,,2008,"3,380,000","1,849,992",0,0,0,0,0,0,0
,,2009,0,0,0,0,0,0,0,0,0
,,2010,0,0,0,0,0,0,0,0,0
,,2011,"10,558,243","3,596,431",0,0,"25,000",0,0,0,0
,Guyana,2000,"1,000,000",0,0,0,0,0,0,0,0
,,2001,"1,061,265",0,0,0,0,0,0,0,0
,,2002,0,0,0,"49,558",0,0,0,0,0
,,2003,0,0,0,"120,000",0,0,0,0,0
,,2004,"600,000",0,0,"63,550",0,0,0,0,0
,,2005,"756,331","1,404,308",0,"124,232",0,0,0,0,0
,,2006,"796,779","65,100",0,"124,232",0,0,0,0,"49,654"
,,2007,"608,376","346,454",0,"125,000",0,0,0,0,0
,,2008,"320,840","337,620",0,"119,000",0,"25,000",0,0,"14,000"
,,2009,"341,775",0,0,"140,000","34,000","10,000",0,0,0
,,2010,"661,500",0,0,"110,000","10,000","10,000",0,0,0
,,2011,"62,840",0,0,"120,000","4,000","14,000",0,0,0
,Haiti,2001,"5,000,000",0,0,0,0,0,0,0,0
,,2004,"4,094,000","4,094,000",0,0,0,0,0,0,0
,,2005,"3,296,000","3,296,000",0,0,0,0,0,0,0
,,2006,"2,674,000","2,674,000",0,0,0,0,0,0,0
,,2007,"2,707,000","2,707,000",0,0,0,0,0,0,0
,,2008,"2,085,000","2,085,000",0,0,0,0,0,0,0
,,2009,0,0,0,0,0,0,0,0,0
,,2010,0,0,0,0,0,0,0,0,0
,,2011,0,0,0,0,0,0,0,0,0
,Honduras,2000,"160,560",0,0,0,0,0,0,0,0
,,2001,"1,450,000",0,0,0,0,0,0,0,0
,,2002,"81,250",0,0,0,0,0,0,0,0
,,2003,"388,888","1,769,353",0,0,0,0,0,0,0
,,2004,"262,162","1,375,070",0,0,0,0,0,0,0
,,2005,"262,162","951,627",0,0,0,0,0,0,0
,,2006,"789,327","1,190,010",0,0,0,0,0,0,0
,,2007,"789,327","1,841,563",0,0,0,0,0,0,0
,,2008,"576,434","316,567",0,"82,383",0,"19,522",0,0,0
,,2009,"649,579","1,100,908",0,"55,000",0,"22,522",0,0,0
,,2010,"939,438","1,158,468",0,"90,964",0,"29,670",0,0,0
Region of the Americas,Honduras,2011,"990,876","842,438",0,"80,278",0,"11,856",0,0,0
,Mexico,2000,"17,652,182",0,0,0,0,0,0,0,0
,,2001,"19,249,927",0,0,0,0,0,0,0,0
,,2002,"19,576,235",0,0,0,0,0,0,0,0
,,2003,"19,163,797",0,0,0,0,0,0,0,0
,,2004,"19,989,185",0,0,0,0,0,0,0,0
,,2005,"21,672,256",0,0,0,0,0,0,0,0
,,2006,"22,892,761",0,0,0,0,0,0,0,0
,,2007,"24,942,706",0,0,0,0,0,0,0,0
,,2008,"21,097,815",0,0,0,0,0,0,0,0
,,2009,"22,875,348",0,0,0,0,0,0,0,0
,,2010,"23,140,145",0,0,0,0,0,0,0,0
,,2011,"23,741,789",0,0,0,0,0,0,0,0
,Nicaragua,2000,"2,597,868",0,0,0,0,0,0,0,0
,,2003,0,0,0,0,0,0,0,0,0
,,2004,0,0,0,0,0,0,0,0,0
,,2005,0,0,0,0,0,0,0,0,0
,,2006,0,"692,596",0,0,0,0,0,0,0
,,2007,"1,335,000","891,000",0,0,0,0,0,0,0
,,2008,"457,751","600,000",0,0,0,0,0,0,0
,,2009,0,"2,015,344",0,0,0,0,"16,173",0,0
,,2010,0,"731,600",0,0,0,"35,000",0,0,0
,,2011,"9,150,000","2,032,089",0,0,0,0,0,0,0
,Panama,2000,"5,066,318",0,0,0,0,0,0,0,0
,,2001,"4,680,289",0,0,0,0,0,0,0,0
,,2002,"3,986,849",0,0,0,0,0,0,0,0
,,2003,"2,751,541",0,0,0,0,0,0,0,0
,,2004,"5,024,766",0,0,0,0,0,0,0,0
,,2005,"5,091,832",0,0,0,0,0,0,0,0
,,2006,"5,650,871",0,0,0,0,"81,333",0,"81,333",0
,,2007,"1,254,713",0,0,0,0,"60,825",0,0,0
,,2008,"1,300,000",0,0,0,0,0,0,0,0
,,2009,"1,459,724",0,0,0,0,0,0,0,0
,,2010,"2,152,435",0,0,0,0,"36,640",0,0,0
,,2011,"3,798,322",0,0,0,0,0,0,0,0
,Paraguay,2000,"1,932,103",0,0,0,0,0,0,0,0
,,2001,"1,614,231",0,0,0,0,0,0,0,0
,,2002,"1,333,561",0,0,0,0,0,0,0,0
,,2003,"1,589,906",0,0,0,0,0,0,0,0
,,2004,"1,707,654",0,0,0,0,0,0,0,0
,,2005,"1,878,668",0,0,0,0,0,0,0,0
,,2006,"2,386,460",0,0,0,0,0,0,0,0
,,2007,"3,900,282",0,0,0,0,0,0,0,0
,,2008,"3,944,353",0,0,0,0,0,0,0,0
,,2009,"4,263,661",0,0,0,0,"10,000",0,0,0
,,2010,"3,245,670",0,0,0,0,"13,000",0,0,0
,,2011,"1,813,409",0,0,0,0,0,0,0,0
,Peru,2000,"1,900,915",0,0,0,0,0,0,0,0
,,2001,"4,109,728",0,0,0,0,0,0,0,0
,,2002,"3,900,000",0,0,"100,000",0,0,0,0,0
,,2003,"3,500,000",0,0,"200,000",0,0,0,0,0
,,2004,"3,600,000",0,0,"150,000",0,0,0,0,0
Region of the Americas,Peru,2005,0,0,0,"150,000",0,0,0,0,0
,,2006,0,0,0,"150,000",0,0,0,0,0
,,2007,0,0,0,"130,000",0,0,0,0,0
,,2008,0,0,0,"125,000",0,0,0,0,0
,,2010,"13,000,000",0,0,"200,000",0,0,0,0,0
,Suriname,2000,"65,778",0,0,0,0,0,0,0,0
,,2001,"636,000",0,0,0,0,0,0,0,"636,000"
,,2002,"536,000",0,0,"49,558",0,0,0,0,"536,000"
,,2003,"606,000",0,0,"170,000",0,0,0,0,"606,000"
,,2004,"606,000",0,0,"90,000",0,0,0,0,"586,000"
,,2005,"606,000",0,0,"129,810",0,0,0,0,0
,,2006,0,0,0,"129,810",0,0,0,0,0
,,2007,0,0,0,"90,000",0,0,0,0,0
,,2008,0,0,0,"100,000",0,0,0,0,0
,,2009,0,0,0,0,0,0,0,0,0
,,2010,0,0,0,0,0,0,0,0,0
,,2011,0,0,0,0,0,0,0,0,0
,Venezuela (Bolivarian Republic of),2001,"5,411,675",0,0,0,0,0,0,0,0
,,2002,"200,000",0,0,"99,558",0,0,0,0,0
,,2003,"20,834,228",0,0,"200,000",0,0,0,0,0
,,2004,"48,142,544",0,0,"116,000",0,0,0,0,0
,,2005,"2,446,124",0,0,"94,491",0,0,0,0,0
,,2006,"2,446,124",0,0,"94,491",0,0,0,0,0
,,2007,"2,446,124",0,0,0,0,0,0,0,0
,,2008,"2,446,124",0,0,0,0,0,0,0,0
,,2009,0,0,0,0,0,0,0,0,0
,,2010,"12,089,014",0,0,0,"104,109",0,0,0,0
,,2011,"1,938,592",0,0,0,0,0,0,0,0
Eastern Mediterranean,Afghanistan,2005,0,"750,000",0,0,0,0,0,0,0
,,2006,0,0,0,0,0,0,0,0,0
,,2007,0,"1,022,069",0,0,0,"119,459",0,0,0
,,2008,0,"7,785,080",0,0,0,"211,689",0,0,0
,,2009,0,"6,372,330",0,0,0,"1,186,740",0,0,0
,,2010,0,"7,928,628",0,"415,335","22,813","414,619",0,0,0
,,2011,0,"7,535,557",0,"802,371","65,236","30,000",0,0,0
,Djibouti,2003,0,0,0,0,0,0,0,0,0
,,2004,0,0,0,0,0,0,0,0,0
,,2005,0,0,0,0,0,0,0,0,0
,,2006,"438,000",0,0,0,0,0,0,"178,000",0
,,2007,"443,615",0,0,0,"350,000",0,0,0,0
,,2008,0,0,0,0,0,0,0,0,0
,,2009,"79,442",0,0,0,0,0,0,0,0
,,2010,"84,745","206,939","26,810",0,0,"2,040","2,824",0,0
,,2011,"84,745","206,939","420,117",0,0,0,0,0,0
,Iran (Islamic Republic of),2004,"6,637,500",0,0,0,0,"32,000",0,0,0
,,2005,"6,811,000",0,0,0,0,0,0,0,0
,,2006,"6,811,000",0,0,0,0,"123,000",0,0,0
,,2007,"7,500,000",0,0,0,0,0,0,0,0
,,2008,"7,500,000","664,575",0,0,0,"50,000",0,0,0
,,2009,"8,000,000","3,372,294",0,0,0,"25,000",0,0,0
Eastern Mediterranean,Iran (Islamic Republic of),2010,"9,690,000","2,326,659",0,0,0,"13,000",0,0,0
,,2011,"12,500,000","1,474,935",0,0,0,"12,000",0,0,0
,Pakistan,2000,0,0,0,0,0,"90,000",0,0,0
,,2001,"100,000",0,0,0,0,"90,000",0,0,0
,,2002,"76,841",0,0,0,0,"42,000",0,0,0
,,2003,0,0,0,0,0,"42,000",0,0,0
,,2004,"6,814,450","4,500,000",0,0,0,"42,000",0,0,0
,,2005,"4,407,000","4,407,000",0,0,0,"42,000",0,0,0
,,2006,"1,487,000",0,0,0,0,"50,000",0,0,0
,,2007,"1,000,000",0,0,0,0,0,0,0,0
,,2008,"300,000","2,500,000",0,0,0,0,0,0,0
,,2009,"500,000","4,500,000",0,0,0,"215,947",0,0,0
,,2010,0,0,0,0,0,0,0,0,0
,,2011,0,0,0,0,0,0,0,0,0
,Saudi Arabia,2004,"16,530,000",0,0,0,0,0,0,0,0
,,2005,"20,853,000",0,0,0,0,0,0,0,0
,,2006,"27,285,333",0,0,0,0,"28,000",0,0,0
,,2007,"27,360,000",0,0,0,0,"16,000",0,0,0
,,2008,"28,203,753",0,0,0,0,0,0,0,0
,,2009,"28,850,000",0,0,0,0,"31,000",0,0,0
,,2010,"28,000,000",0,0,0,"2,500,000","36,000",0,0,0
,,2011,"26,357,710",0,0,0,0,"99,000",0,0,0
,Somalia,2004,0,0,0,0,0,0,0,0,0
,,2005,0,0,0,0,0,0,0,0,0
,,2006,0,0,0,0,0,0,0,0,0
,,2007,0,"6,489,621",0,0,0,"120,000",0,0,0
,,2008,0,"6,607,321",0,0,0,"85,000",0,0,0
,,2009,0,"6,863,696",0,0,"81,127","101,650",0,0,0
,,2010,0,"8,436,831",0,0,0,"65,000",0,0,0
,,2011,0,0,0,0,0,"82,000",0,0,0
,South Sudan 6,2004,0,0,0,0,0,0,0,0,0
,,2005,0,0,0,0,0,0,0,0,0
,,2006,0,0,0,0,0,0,0,0,0
,,2007,0,0,0,0,0,0,0,0,0
,,2008,"120,000",0,0,0,0,0,0,0,0
,,2009,0,"17,395,819",0,0,0,"350,000",0,0,0
,,2010,0,"16,117,077",0,0,0,"400,000",0,0,0
,,2011,"530,000","15,361,962",0,"3,000,000",0,"750,000",0,"1,300,000",0
,Sudan,2000,"3,894,500",0,0,0,0,0,0,0,0
,,2001,"3,976,200",0,0,0,0,0,0,0,0
,,2002,"4,574,210",0,0,0,0,0,0,0,0
,,2003,"3,466,100",0,0,0,0,0,0,0,0
,,2004,"2,500,000",0,0,"2,000,000",0,"885,141",0,"607,692",0
,,2005,"1,322,156","12,903,414",0,"2,500,000","765,000","1,673,351",0,"2,938,309","732,830"
,,2006,"3,000,000","13,692,691","11,000,000","1,972,000","7,399,410",0,0,"315,722","39,900"
,,2007,"13,733,973","4,903,414","11,000,000","312,151",0,"312,151",0,"1,468,893",0
,,2008,"10,573,479","3,700,680",0,"39,416","8,586,562","39,416","3,452,658",0,0
,,2009,"10,993,899","15,869,166",0,0,0,0,"13,983,001","8,126,137",0
,,2010,"12,810,941","15,829,743",0,0,0,0,"1,259,562","789,400",0
,,2011,"26,724,830","19,418,808",0,0,"363,495","114,575","553,635","1,041,351",0
,Yemen,2001,"2,166,815",0,0,0,0,0,0,0,0
Eastern Mediterranean,Yemen,2002,"1,196,333",0,0,0,0,0,0,0,0
,,2003,"1,855,819",0,0,0,0,0,0,0,0
,,2004,"2,001,569","1,661,532","1,150,000",0,0,0,0,0,0
,,2005,"1,932,139","2,498,099","1,150,000",0,0,"542,000",0,0,0
,,2006,"1,954,894","7,761,094",0,0,0,0,0,0,0
,,2007,"2,387,745",0,"453,000",0,0,"175,000",0,0,0
,,2008,"2,465,870","4,185,533","41,360",0,"250,000","200,000",0,"104,387",0
,,2009,"1,806,742","4,401,240",0,0,"1,199,999","475,000",0,"126,000",0
,,2010,"1,594,698","3,482,712",0,0,"4,564,902","474,037",0,"446,159",0
,,2011,"1,012,076","880,150",0,0,"9,084,589","240,000",0,"80,000",0
European,Azerbaijan,2000,0,0,0,0,0,"15,000",0,0,0
,,2001,0,0,0,0,0,"15,000",0,0,0
,,2002,0,0,0,0,0,"20,000",0,0,0
,,2003,0,0,0,0,0,"15,000",0,0,0
,,2004,0,0,0,0,0,"50,000",0,0,0
,,2005,"1,132,728",0,0,0,0,"68,000",0,0,0
,,2006,"1,035,336",0,0,0,0,"54,000",0,0,0
,,2007,"1,254,543",0,0,0,0,"65,000",0,0,0
,,2008,"2,145,369",0,0,0,0,"65,000",0,0,0
,,2009,"1,971,844","1,423,641",0,0,0,"35,000",0,0,0
,,2010,"3,842,152","1,692,999",0,0,0,"35,000",0,0,0
,,2011,"3,738,835","610,905",0,0,0,"35,000",0,0,0
,Kyrgyzstan,2000,0,0,0,0,0,0,0,0,0
,,2001,0,0,0,0,0,0,0,0,0
,,2002,"98,900",0,0,0,0,0,0,0,0
,,2003,"98,900",0,0,0,0,0,0,0,0
,,2004,"289,800",0,0,0,0,0,0,0,0
,,2005,"170,500",0,0,0,0,0,0,0,0
,,2006,"933,345","933,345",0,0,0,0,0,0,0
,,2007,"68,000","759,045",0,0,0,0,0,0,0
,,2008,"68,500","647,245",0,0,0,0,0,0,0
,,2009,"70,000","546,245",0,0,0,0,0,0,0
,,2010,"70,000","1,394,485",0,0,0,0,0,0,0
,,2011,"70,000","1,114,124",0,0,0,0,0,0,0
,Tajikistan,2000,0,0,0,0,0,0,0,0,0
,,2001,0,0,0,0,0,0,0,0,0
,,2002,0,0,0,0,0,0,0,0,"250,000"
,,2003,0,0,0,0,"250,000",0,0,0,0
,,2004,0,0,0,0,"250,000",0,0,0,"100,000"
,,2005,0,0,0,0,"250,000",0,0,0,0
,,2006,0,"1,425,218",0,0,0,"20,000",0,0,0
,,2007,0,"1,346,783",0,0,0,"40,000",0,0,0
,,2008,0,"1,464,503",0,0,0,"75,000",0,0,0
,,2009,"363,439","1,332,959",0,0,0,"13,000",0,0,0
,,2010,"393,734","3,353,900",0,0,0,"13,000",0,0,0
,,2011,"412,825","3,403,673",0,0,0,"15,000",0,0,0
,Turkey,2000,"1,624,000",0,0,0,0,"10,000",0,0,0
,,2001,"1,933,083",0,0,0,0,"10,000",0,0,0
,,2002,"2,313,260",0,0,0,0,"10,000",0,0,0
,,2003,"3,072,871",0,0,0,0,"10,000",0,0,0
,,2004,"31,990,282",0,0,0,0,"10,000",0,0,0
European,Turkey,2005,"32,938,553",0,0,0,0,"10,000",0,0,0
,,2006,"38,544,677",0,0,0,0,"15,000",0,0,0
,,2007,"38,770,483",0,0,0,0,"15,000",0,0,0
,,2008,"40,865,967",0,0,0,0,"15,000",0,0,0
,,2009,"44,200,000",0,0,0,0,0,0,0,0
,,2010,"33,486,133",0,0,0,0,0,0,0,0
,,2011,"21,821,901",0,0,0,0,0,0,0,0
,Uzbekistan,2001,"145,510",0,0,0,0,0,0,0,0
,,2002,"95,802",0,0,0,0,0,0,0,0
,,2003,"91,755",0,0,0,0,0,0,0,0
,,2004,"88,404",0,0,0,0,0,0,0,0
,,2005,"94,781","556,543",0,0,0,0,0,0,0
,,2006,"93,208","715,233",0,0,0,0,0,0,0
,,2007,"101,004","843,650",0,0,0,0,0,0,0
,,2008,"114,772","320,045",0,0,0,"7,175",0,0,0
,,2009,"126,249","450,070",0,0,0,"7,892",0,0,0
,,2010,"507,457","538,393",0,0,0,0,0,0,0
,,2011,"1,529,810","583,446",0,0,0,0,0,0,0
South0East Asia,Bangladesh,2002,"75,000",0,"114,138",0,0,"147,242",0,0,0
,,2003,"55,000",0,"45,000",0,0,0,0,0,0
,,2004,"101,500",0,"46,500",0,0,"589,700",0,0,0
,,2005,"250,000",0,"200,000",0,0,0,0,0,0
,,2006,"891,000",0,"724,000",0,0,0,0,0,0
,,2007,"548,385","9,006,492","723,881",0,0,"230,000",0,0,0
,,2008,"528,209","9,580,687","700,000",0,0,"220,000",0,0,0
,,2009,"642,129","7,769,852","887,995",0,0,"230,000",0,0,0
,,2010,"1,094,385","5,369,344",0,0,0,"135,790",0,0,0
,,2011,"8,686,483","8,890,744",0,0,0,"118,000",0,0,0
,Bhutan,2003,"169,723",0,0,0,"100,000",0,0,0,0
,,2004,"16,122",0,0,0,"100,000","31,550",0,0,0
,,2005,"168,977","577,700",0,0,"200,000","11,550",0,0,0
,,2006,"183,165","688,700",0,0,"215,250","34,800",0,0,0
,,2007,"183,165","571,775",0,0,"173,913",0,0,0,0
,,2008,"191,000","579,000",0,0,"173,913","22,000",0,0,0
,,2009,"172,826","1,163,706",0,0,"173,913","17,192",0,0,0
,,2010,"211,189","1,315,911",0,0,"188,222","23,622",0,0,0
,,2011,"222,222",0,0,0,"22,600","22,600",0,0,0
,Democratic People's Republic of Korea,2001,"200,000",0,0,0,0,0,0,0,0
,,2002,"700,000",0,0,0,0,0,0,0,0
,,2003,"690,000",0,0,0,0,0,0,0,0
,,2004,"700,000",0,0,0,0,0,0,0,0
,,2005,"759,493",0,0,0,0,0,0,0,0
,,2006,"1,000,000",0,0,0,0,0,0,0,0
,,2007,"1,000,000",0,0,0,0,0,0,"1,200,000",0
,,2008,"1,000,000",0,0,0,0,"1,100,000",0,"1,200,000",0
,,2009,"1,200,000",0,0,0,0,"1,300,000",0,"1,200,000",0
,,2010,"1,800,000","8,913,265",0,0,0,"42,467",0,0,0
,,2011,"1,875,000","2,500,899",0,0,0,"23,000",0,0,0
,India,2000,"42,004,444",0,0,0,0,0,0,0,0
,,2001,"37,904,255",0,"16,266,608",0,0,0,0,0,0
,,2002,"36,607,438",0,"13,969,726",0,0,0,0,0,0
South0East Asia,India,2003,"39,393,603",0,"18,535,966",0,0,0,0,0,0
,,2004,"47,833,333",0,"1,372,056",0,0,0,0,0,0
,,2005,"55,907,838","912,325","9,512,474",0,0,0,0,0,0
,,2006,"62,746,667","8,227,900","22,400,000",0,0,0,0,0,0
,,2007,"64,097,391","15,727,050","29,500,000",0,0,0,0,0,0
,,2008,"53,360,000","13,863,557","28,619,974",0,0,0,0,0,0
,,2009,"60,222,222","9,184,373","9,480,000",0,0,0,0,0,0
,,2010,"91,551,356","13,179,273","10,265,300",0,0,0,0,0,0
,,2011,"99,525,920","6,496,121","30,898,403",0,0,0,0,0,0
,Indonesia,2003,0,"1,435,987",0,0,0,0,0,0,0
,,2004,"1,726,788","4,556,562",0,0,0,"460,000",0,0,0
,,2005,"4,402,565","5,762,318",0,0,0,0,"250,000",0,0
,,2006,"3,386,554","3,655,692",0,0,0,"406,000","16,000,000",0,0
,,2007,"3,131,418","2,079,162",0,0,0,0,"3,000,000",0,0
,,2008,"2,135,753","13,199,217",0,0,0,"406,000","2,800,000",0,0
,,2009,"5,594,019","17,661,982",0,0,0,"103,000","3,300,000",0,0
,,2010,"5,787,267","31,659,696",0,0,"26,311","200,000","2,027,122",0,0
,,2011,0,"40,573,846",0,0,0,"222,222","3,111,111",0,0
,Myanmar,2005,0,0,0,0,0,0,0,0,0
,,2006,0,0,0,0,0,0,0,0,0
,,2007,"314,000",0,0,0,0,"700,000","2,451,360","643,496",0
,,2008,"314,000",0,0,0,"2,400,000","300,000","4,167,142","2,425,633",0
,,2009,"375,000",0,0,0,"2,000,000","300,000","1,607,882","3,815,436",0
,,2010,"2,250,000",0,0,0,"2,294,000","300,000","1,300,000",0,0
,,2011,"1,259,002","5,900,000",0,0,0,0,0,0,0
,Nepal,2000,0,0,0,0,0,0,0,0,0
,,2001,0,0,0,0,0,0,0,0,0
,,2003,0,0,0,0,0,0,0,0,0
,,2004,"763,515","408,113","2,387,354",0,0,"45,714",0,0,0
,,2005,"295,076","501,721","2,752,123",0,0,"45,714",0,0,0
,,2006,"749,870","283,307","799,615",0,0,"60,500",0,0,0
,,2007,"720,197","1,321,927",0,0,0,"112,000",0,0,0
,,2008,"907,770","924,791",0,0,0,"88,000","25,000",0,0
,,2009,"907,671","1,305,661",0,0,0,"88,000",0,"742,500",0
,,2010,"869,401","2,765,680",0,0,0,"46,500",0,0,0
,,2011,"192,361","1,907,500",0,0,0,"46,500",0,"3,559,305",0
,Sri Lanka,2001,"268,222",0,"258,222",0,0,0,0,0,0
,,2002,0,0,0,0,0,0,0,0,0
,,2003,"2,781,600","2,700,000",0,0,0,0,0,0,0
,,2004,"5,221,100","5,197,000",0,0,0,0,0,0,0
,,2005,"748,720","730,140",0,0,0,0,0,0,0
,,2006,"1,830,635","1,808,135",0,0,0,0,0,0,0
,,2007,"1,404,423","1,055,469",0,0,0,0,0,0,0
,,2008,"2,791,905","1,432,800",0,0,0,"30,000",0,0,0
South0East Asia,Sri Lanka,2009,"1,201,268","522,431",0,0,0,0,0,0,0
,,2010,"1,045,455","1,117,464",0,0,0,"24,321",0,0,0
,,2011,"1,800,000","5,316,488",0,0,0,"18,000",0,0,0
,Thailand,2001,"4,700,000",0,0,0,0,0,0,0,0
,,2002,"88,674",0,0,0,0,0,0,0,0
,,2003,"117,000",0,0,0,0,0,0,0,0
,,2004,"825,693","625,000",0,0,0,0,0,0,0
,,2005,"54,000","199,967",0,0,0,0,0,0,0
,,2006,"38,667","2,175,959",0,0,0,0,0,0,0
,,2007,"1,660,984","895,388",0,0,0,0,0,0,0
,,2008,"2,827,000","3,513,961",0,0,0,0,0,0,0
,,2009,"509,557","5,087,163",0,0,0,"58,118",0,"2,061,759",0
,,2010,"439,376","3,279,977",0,0,0,"73,824",0,0,0
,,2011,"15,252,969","3,002,074",0,"77,541",0,"61,408",0,"566,115",0
,Timor0Leste,2003,0,0,0,0,0,0,0,0,0
,,2004,0,"924,000",0,0,0,0,0,0,0
,,2005,0,"1,632,680",0,0,0,0,0,0,0
,,2006,"65,000","1,123,063",0,0,0,0,"50,000","50,000","882,000"
,,2007,"181,837",0,0,0,0,"80,000",0,0,0
,,2008,"300,816",0,0,0,0,"100,000",0,0,0
,,2009,"46,572","4,698,114",0,0,0,"145,000",0,0,0
,,2010,"1,858,476","2,367,459",0,0,0,"12,500","239,928","526,500",0
,,2011,"2,278,680","3,902,662",0,0,0,"41,920",0,0,0
Western Pacific,Cambodia,2000,0,0,0,0,0,"500,000",0,0,0
,,2001,"316,000",0,"643,000",0,0,"500,000",0,0,"1,257,000"
,,2002,"465,000",0,"900,000",0,0,"500,000",0,0,"1,900,000"
,,2003,"240,000",0,"50,000",0,0,"500,000",0,0,0
,,2004,"933,156","537,378","490,014",0,0,"500,000",0,0,0
,,2005,"1,332,647","1,345,572","283,494",0,0,"500,000",0,0,0
,,2006,"1,282,500","1,901,220","306,709",0,0,"500,000",0,0,0
,,2007,"1,456,419","5,762,926","918,403","1,000,000",0,"500,000",0,0,0
,,2008,"495,155","4,327,529",0,"1,000,000",0,"590,000",0,0,0
,,2009,"1,019,923","5,534,038",0,"1,000,000",0,"650,000",0,0,0
,,2010,"1,355,728","7,157,939",0,0,0,"1,446,616",0,0,0
,,2011,"3,127,120","39,422,203",0,0,0,"380,347",0,"60,000",0
,China,2003,0,"1,586,845",0,0,0,0,0,0,0
,,2004,0,"1,576,367",0,0,0,0,0,0,0
,,2005,0,"1,383,916",0,0,0,0,0,0,0
,,2006,0,"7,538,854",0,0,0,0,0,0,0
,,2007,0,"12,861,810",0,0,0,0,0,0,0
,,2008,0,"9,133,011",0,0,0,0,0,0,0
,,2009,0,"9,901,385",0,0,0,0,0,0,0
,,2010,0,"50,874,137",0,0,0,0,0,0,0
,,2011,0,"24,430,525",0,0,0,0,0,0,0
,Lao People's Democratic Republic,2000,0,0,0,0,0,0,0,0,0
,,2001,"3,227,858",0,"377,642",0,"2,080,000","33,073",0,0,"737,143"
,,2002,"682,793",0,0,0,0,"28,665",0,0,"654,128"
,,2003,"3,258,515","768,515",0,0,"2,440,000","50,000",0,0,0
Western Pacific,Lao People's Democratic Republic,2004,"2,471,668","2,471,668",0,0,0,0,0,0,0
,,2005,"4,691,324","4,691,324",0,0,0,"50,000",0,0,0
,,2006,"4,132,726","4,132,726",0,0,0,0,0,0,0
,,2007,"540,829","5,210,285",0,0,0,0,0,0,0
,,2008,"594,912","7,242,608",0,0,0,0,0,0,0
,,2009,0,"6,424,803",0,0,0,"21,300",0,0,0
,,2010,"97,690","815,252",0,0,0,"45,925",0,0,0
,,2011,"470,764","4,326,267",0,0,0,"46,000",0,0,0
,Malaysia,2007,"1,171,264",0,0,0,0,0,0,0,0
,,2008,"23,800,000",0,0,0,0,0,0,0,0
,,2009,"23,823,040",0,0,0,0,0,0,0,0
,,2010,"24,826,273",0,0,0,0,0,0,0,0
,,2011,"37,844,710",0,0,0,0,0,0,0,0
,Papua New Guinea,2001,"90,092",0,0,0,0,0,0,0,0
,,2002,"85,681",0,0,0,0,0,0,0,0
,,2003,"34,150",0,0,0,0,0,0,0,0
,,2004,"63,800","2,185,723",0,0,0,0,0,0,0
,,2005,"114,985","3,256,526",0,0,0,0,0,0,0
,,2006,"59,511","372,986",0,0,0,0,0,0,0
,,2007,"54,480","2,957,519",0,0,0,0,0,0,0
,,2008,"64,336","6,385,835",0,0,0,0,0,0,0
,,2009,156,"4,417,383",0,0,0,"2,179",0,0,0
,,2010,"142,766","1,028,735",0,0,0,"321,338",0,"3,260,803",0
,,2011,"311,000","23,842,245",0,0,0,"200,000",0,"8,968,127",0
,Philippines,2000,0,0,0,0,0,0,0,0,0
,,2001,0,0,0,0,0,0,0,0,0
,,2002,0,0,0,0,0,"200,000",0,0,0
,,2003,0,0,0,0,0,0,0,0,0
,,2004,"43,636","2,700,000",0,0,0,"800,000",0,0,0
,,2005,"43,636","4,000,000",0,0,0,"800,000",0,0,0
,,2006,"43,636","8,900,000",0,0,0,"800,000",0,0,0
,,2007,"48,000","22,000,000",0,0,"75,000","300,000",0,"652,213",0
,,2008,"1,260,000","3,952,832",0,0,"75,000","300,000",0,"466,125",0
,,2009,"3,439,132","31,400,000",0,0,"75,000","300,000",0,"516,000",0
,,2010,"3,930,233","21,758,417",0,0,"75,000",0,0,"769,000",0
,,2011,"3,969,519","12,322,318",0,0,"75,000",0,0,"2,501,000",0
,Republic of Korea,2001,"361,600",0,0,0,0,0,0,0,0
,,2002,"361,600",0,0,0,0,0,0,0,0
,,2003,"368,800",0,0,0,0,0,0,0,0
,,2004,"318,400",0,0,0,0,0,0,0,0
,,2005,"357,600",0,0,0,0,0,0,0,0
,,2006,"380,000",0,0,0,0,0,0,0,0
,,2007,"720,800","3,000,000",0,0,0,"1,412,000",0,0,0
,,2008,"792,000","3,000,000",0,0,0,"1,222,000",0,0,0
,,2009,"798,000","4,000,000",0,0,0,"1,096,000",0,0,0
,,2010,"729,091","3,911,600",0,0,0,0,0,0,0
,,2011,"785,000","2,000,000",0,0,0,"1,092,172",0,0,0
,Solomon Islands,2000,0,0,0,0,0,0,0,0,0
Western Pacific,Solomon Islands,2001,"275,000",0,0,0,0,0,0,0,0
,,2002,"406,250",0,0,0,0,0,0,0,0
,,2003,"1,168,805","548,695","163,860",0,0,0,0,0,0
,,2004,"1,033,670","462,710","163,860",0,0,0,0,0,0
,,2005,"1,202,563","631,603","163,860",0,0,0,0,0,0
,,2006,"1,580,659","959,599","163,860",0,0,0,0,0,0
,,2007,0,"594,928",0,0,0,0,0,0,0
,,2008,"1,075,382","483,416",0,0,0,"386,000",0,"563,681",0
,,2009,"276,195","628,188",0,0,0,"216,674",0,"750,189",0
,,2010,"1,531,001","1,409,315",0,0,0,"225,000",0,"753,085",0
,,2011,"840,284","1,537,685",0,0,0,"697,890",0,"6,229,231",0
,Vanuatu,2000,0,0,0,0,"7,980",0,0,0,0
,,2001,0,0,0,0,"7,980",0,0,0,0
,,2002,0,0,0,0,0,"69,065",0,0,0
,,2003,0,0,0,0,0,"69,065",0,0,0
,,2004,0,0,0,0,0,"165,500",0,0,0
,,2005,0,0,0,0,0,"165,500",0,0,0
,,2006,0,0,0,0,0,"180,115",0,0,0
,,2007,0,0,0,0,0,"180,115",0,0,0
,,2008,"846,280","264,300",0,0,0,"267,615",0,"1,282,500",0
,,2009,"754,651","1,581,816",0,0,0,"287,615",0,"1,282,500",0
,,2010,"812,377","683,607",0,0,0,"287,615",0,"1,432,500",0
,,2011,"943,619","2,052,359",0,0,0,"287,615",0,"2,050,753",0
,Viet Nam,2000,"3,329,338",0,"1,045,679",0,0,0,0,0,"3,600,000"
,,2001,"3,300,766",0,"3,361,566",0,0,0,0,0,"3,000,000"
,,2002,"2,618,144",0,"914,452",0,0,0,0,0,"3,500,000"
,,2003,"2,596,054",0,"3,617,536",0,0,0,0,0,0
,,2004,"4,467,705",0,0,0,0,0,0,0,0
,,2005,"4,747,436","7,324,769",0,0,0,0,0,0,0
,,2006,"4,384,866","6,063,633",0,0,0,0,0,0,0
,,2007,"4,344,588","4,208,566",0,0,0,"20,000",0,0,0
,,2008,"4,599,534","2,760,895",0,0,0,"70,000",0,0,0
